Workbook

Sheet stuttgart-bkjck-rawbinary
A1: Address | B1: Track | C1: Sector | D1: Binary | E1: OpcodeBits | F1: Track Bits | G1: Sector Bits | H1: Opcode | I1: Track | J1: Sector | K1: OpAd | M1: z Instr | N1: Valid Track | O1: Could be Z Cond | P1: 0 Track | Q1: Could be Z 0 | R1: Non-0 Sector | S1: Z and Non-0 Sector | T1: Could be z | U1: Is operand | V1: Could be z and is Operand
A2: 2880 | B2: =QUOTIENT(A2,64) -> 45 | C2: =MOD(A2,64) -> 0 | D2: 00000000000011010010111110001100 | E2: =MID(D2,13,4) -> 1101 | F2: =MID(D2,19,6) -> 101111 | G2: =MID(D2,25,6) -> 100011 | H2: =LOOKUP(E2,Lookups!$A$1:$A$16,Lookups!$B$1:$B$16) -> c | I2: =BIN2DEC(F2) -> 47 | J2: =BIN2DEC(G2) -> 35 | K2: =I2*64+J2 -> 3043 | M2: =IF(H2="z", TRUE,FALSE) -> FALSE | N2: =IF(AND(I2,60),TRUE,FALSE) -> TRUE | O2: =IF(AND(M2,N2),TRUE,FALSE) -> FALSE | P2: =IF(I2=0,TRUE, FALSE) -> FALSE | Q2: =IF(AND(M2,P2),TRUE,FALSE) -> FALSE | R2: =IF(J2<>0,TRUE,FALSE) -> TRUE | S2: =IF(AND(M2,R2),TRUE,FALSE) -> FALSE | T2: =IF(AND(OR(O2,Q2),NOT(S2)),TRUE,FALSE) -> FALSE | U2: =IF(AND(A2,COUNTIF($K$2:$K$449,A2)),TRUE,FALSE) -> FALSE | V2: =IF(AND(T2,U2),TRUE,FALSE) -> FALSE
A3: 2881 | B3: =QUOTIENT(A3,64) -> 45 | C3: =MOD(A3,64) -> 1 | D3: 00000000000011010011001001111000 | E3: =MID(D3,13,4) -> 1101 | F3: =MID(D3,19,6) -> 110010 | G3: =MID(D3,25,6) -> 011110 | H3: =LOOKUP(E3,Lookups!$A$1:$A$16,Lookups!$B$1:$B$16) -> c | I3: =BIN2DEC(F3) -> 50 | J3: =BIN2DEC(G3) -> 30 | K3: =I3*64+J3 -> 3230 | M3: =IF(H3="z", TRUE,FALSE) -> FALSE | N3: =IF(AND(I3,60),TRUE,FALSE) -> TRUE | O3: =IF(AND(M3,N3),TRUE,FALSE) -> FALSE | P3: =IF(I3=0,TRUE, FALSE) -> FALSE | Q3: =IF(AND(M3,P3),TRUE,FALSE) -> FALSE | R3: =IF(J3<>0,TRUE,FALSE) -> TRUE | S3: =IF(AND(M3,R3),TRUE,FALSE) -> FALSE | T3: =IF(AND(OR(O3,Q3),NOT(S3)),TRUE,FALSE) -> FALSE | U3: =IF(AND(A3,COUNTIF($K$2:$K$449,A3)),TRUE,FALSE) -> FALSE | V3: =IF(AND(T3,U3),TRUE,FALSE) -> FALSE
A4: 2882 | B4: =QUOTIENT(A4,64) -> 45 | C4: =MOD(A4,64) -> 2 | D4: 00000000000010100011000111000100 | E4: =MID(D4,13,4) -> 1010 | F4: =MID(D4,19,6) -> 110001 | G4: =MID(D4,25,6) -> 110001 | H4: =LOOKUP(E4,Lookups!$A$1:$A$16,Lookups!$B$1:$B$16) -> u | I4: =BIN2DEC(F4) -> 49 | J4: =BIN2DEC(G4) -> 49 | K4: =I4*64+J4 -> 3185 | M4: =IF(H4="z", TRUE,FALSE) -> FALSE | N4: =IF(AND(I4,60),TRUE,FALSE) -> TRUE | O4: =IF(AND(M4,N4),TRUE,FALSE) -> FALSE | P4: =IF(I4=0,TRUE, FALSE) -> FALSE | Q4: =IF(AND(M4,P4),TRUE,FALSE) -> FALSE | R4: =IF(J4<>0,TRUE,FALSE) -> TRUE | S4: =IF(AND(M4,R4),TRUE,FALSE) -> FALSE | T4: =IF(AND(OR(O4,Q4),NOT(S4)),TRUE,FALSE) -> FALSE | U4: =IF(AND(A4,COUNTIF($K$2:$K$449,A4)),TRUE,FALSE) -> FALSE | V4: =IF(AND(T4,U4),TRUE,FALSE) -> FALSE
A5: 2883 | B5: =QUOTIENT(A5,64) -> 45 | C5: =MOD(A5,64) -> 3 | D5: 00000000000011100010110110011000 | E5: =MID(D5,13,4) -> 1110 | F5: =MID(D5,19,6) -> 101101 | G5: =MID(D5,25,6) -> 100110 | H5: =LOOKUP(E5,Lookups!$A$1:$A$16,Lookups!$B$1:$B$16) -> a | I5: =BIN2DEC(F5) -> 45 | J5: =BIN2DEC(G5) -> 38 | K5: =I5*64+J5 -> 2918 | M5: =IF(H5="z", TRUE,FALSE) -> FALSE | N5: =IF(AND(I5,60),TRUE,FALSE) -> TRUE | O5: =IF(AND(M5,N5),TRUE,FALSE) -> FALSE | P5: =IF(I5=0,TRUE, FALSE) -> FALSE | Q5: =IF(AND(M5,P5),TRUE,FALSE) -> FALSE | R5: =IF(J5<>0,TRUE,FALSE) -> TRUE | S5: =IF(AND(M5,R5),TRUE,FALSE) -> FALSE | T5: =IF(AND(OR(O5,Q5),NOT(S5)),TRUE,FALSE) -> FALSE | U5: =IF(AND(A5,COUNTIF($K$2:$K$449,A5)),TRUE,FALSE) -> TRUE | V5: =IF(AND(T5,U5),TRUE,FALSE) -> FALSE
A6: 2884 | B6: =QUOTIENT(A6,64) -> 45 | C6: =MOD(A6,64) -> 4 | D6: 00000000000000100010110101111000 | E6: =MID(D6,13,4) -> 0010 | F6: =MID(D6,19,6) -> 101101 | G6: =MID(D6,25,6) -> 011110 | H6: =LOOKUP(E6,Lookups!$A$1:$A$16,Lookups!$B$1:$B$16) -> y | I6: =BIN2DEC(F6) -> 45 | J6: =BIN2DEC(G6) -> 30 | K6: =I6*64+J6 -> 2910 | M6: =IF(H6="z", TRUE,FALSE) -> FALSE | N6: =IF(AND(I6,60),TRUE,FALSE) -> TRUE | O6: =IF(AND(M6,N6),TRUE,FALSE) -> FALSE | P6: =IF(I6=0,TRUE, FALSE) -> FALSE | Q6: =IF(AND(M6,P6),TRUE,FALSE) -> FALSE | R6: =IF(J6<>0,TRUE,FALSE) -> TRUE | S6: =IF(AND(M6,R6),TRUE,FALSE) -> FALSE | T6: =IF(AND(OR(O6,Q6),NOT(S6)),TRUE,FALSE) -> FALSE | U6: =IF(AND(A6,COUNTIF($K$2:$K$449,A6)),TRUE,FALSE) -> FALSE | V6: =IF(AND(T6,U6),TRUE,FALSE) -> FALSE
A7: 2885 | B7: =QUOTIENT(A7,64) -> 45 | C7: =MOD(A7,64) -> 5 | D7: 00000000000011100010111011111100 | E7: =MID(D7,13,4) -> 1110 | F7: =MID(D7,19,6) -> 101110 | G7: =MID(D7,25,6) -> 111111 | H7: =LOOKUP(E7,Lookups!$A$1:$A$16,Lookups!$B$1:$B$16) -> a | I7: =BIN2DEC(F7) -> 46 | J7: =BIN2DEC(G7) -> 63 | K7: =I7*64+J7 -> 3007 | M7: =IF(H7="z", TRUE,FALSE) -> FALSE | N7: =IF(AND(I7,60),TRUE,FALSE) -> TRUE | O7: =IF(AND(M7,N7),TRUE,FALSE) -> FALSE | P7: =IF(I7=0,TRUE, FALSE) -> FALSE | Q7: =IF(AND(M7,P7),TRUE,FALSE) -> FALSE | R7: =IF(J7<>0,TRUE,FALSE) -> TRUE | S7: =IF(AND(M7,R7),TRUE,FALSE) -> FALSE | T7: =IF(AND(OR(O7,Q7),NOT(S7)),TRUE,FALSE) -> FALSE | U7: =IF(AND(A7,COUNTIF($K$2:$K$449,A7)),TRUE,FALSE) -> FALSE | V7: =IF(AND(T7,U7),TRUE,FALSE) -> FALSE
A8: 2886 | B8: =QUOTIENT(A8,64) -> 45 | C8: =MOD(A8,64) -> 6 | D8: 00000000000000100010110101010100 | E8: =MID(D8,13,4) -> 0010 | F8: =MID(D8,19,6) -> 101101 | G8: =MID(D8,25,6) -> 010101 | H8: =LOOKUP(E8,Lookups!$A$1:$A$16,Lookups!$B$1:$B$16) -> y | I8: =BIN2DEC(F8) -> 45 | J8: =BIN2DEC(G8) -> 21 | K8: =I8*64+J8 -> 2901 | M8: =IF(H8="z", TRUE,FALSE) -> FALSE | N8: =IF(AND(I8,60),TRUE,FALSE) -> TRUE | O8: =IF(AND(M8,N8),TRUE,FALSE) -> FALSE | P8: =IF(I8=0,TRUE, FALSE) -> FALSE | Q8: =IF(AND(M8,P8),TRUE,FALSE) -> FALSE | R8: =IF(J8<>0,TRUE,FALSE) -> TRUE | S8: =IF(AND(M8,R8),TRUE,FALSE) -> FALSE | T8: =IF(AND(OR(O8,Q8),NOT(S8)),TRUE,FALSE) -> FALSE | U8: =IF(AND(A8,COUNTIF($K$2:$K$449,A8)),TRUE,FALSE) -> FALSE | V8: =IF(AND(T8,U8),TRUE,FALSE) -> FALSE
A9: 2887 | B9: =QUOTIENT(A9,64) -> 45 | C9: =MOD(A9,64) -> 7 | D9: 00000000000000100010110101011000 | E9: =MID(D9,13,4) -> 0010 | F9: =MID(D9,19,6) -> 101101 | G9: =MID(D9,25,6) -> 010110 | H9: =LOOKUP(E9,Lookups!$A$1:$A$16,Lookups!$B$1:$B$16) -> y | I9: =BIN2DEC(F9) -> 45 | J9: =BIN2DEC(G9) -> 22 | K9: =I9*64+J9 -> 2902 | M9: =IF(H9="z", TRUE,FALSE) -> FALSE | N9: =IF(AND(I9,60),TRUE,FALSE) -> TRUE | O9: =IF(AND(M9,N9),TRUE,FALSE) -> FALSE | P9: =IF(I9=0,TRUE, FALSE) -> FALSE | Q9: =IF(AND(M9,P9),TRUE,FALSE) -> FALSE | R9: =IF(J9<>0,TRUE,FALSE) -> TRUE | S9: =IF(AND(M9,R9),TRUE,FALSE) -> FALSE | T9: =IF(AND(OR(O9,Q9),NOT(S9)),TRUE,FALSE) -> FALSE | U9: =IF(AND(A9,COUNTIF($K$2:$K$449,A9)),TRUE,FALSE) -> FALSE | V9: =IF(AND(T9,U9),TRUE,FALSE) -> FALSE
A10: 2888 | B10: =QUOTIENT(A10,64) -> 45 | C10: =MOD(A10,64) -> 8 | D10: 00000000000000100010110101101100 | E10: =MID(D10,13,4) -> 0010 | F10: =MID(D10,19,6) -> 101101 | G10: =MID(D10,25,6) -> 011011 | H10: =LOOKUP(E10,Lookups!$A$1:$A$16,Lookups!$B$1:$B$16) -> y | I10: =BIN2DEC(F10) -> 45 | J10: =BIN2DEC(G10) -> 27 | K10: =I10*64+J10 -> 2907 | M10: =IF(H10="z", TRUE,FALSE) -> FALSE | N10: =IF(AND(I10,60),TRUE,FALSE) -> TRUE | O10: =IF(AND(M10,N10),TRUE,FALSE) -> FALSE | P10: =IF(I10=0,TRUE, FALSE) -> FALSE | Q10: =IF(AND(M10,P10),TRUE,FALSE) -> FALSE | R10: =IF(J10<>0,TRUE,FALSE) -> TRUE | S10: =IF(AND(M10,R10),TRUE,FALSE) -> FALSE | T10: =IF(AND(OR(O10,Q10),NOT(S10)),TRUE,FALSE) -> FALSE | U10: =IF(AND(A10,COUNTIF($K$2:$K$449,A10)),TRUE,FALSE) -> FALSE | V10: =IF(AND(T10,U10),TRUE,FALSE) -> FALSE
A11: 2889 | B11: =QUOTIENT(A11,64) -> 45 | C11: =MOD(A11,64) -> 9 | D11: 00000000000000110011001011110000 | E11: =MID(D11,13,4) -> 0011 | F11: =MID(D11,19,6) -> 110010 | G11: =MID(D11,25,6) -> 111100 | H11: =LOOKUP(E11,Lookups!$A$1:$A$16,Lookups!$B$1:$B$16) -> r | I11: =BIN2DEC(F11) -> 50 | J11: =BIN2DEC(G11) -> 60 | K11: =I11*64+J11 -> 3260 | M11: =IF(H11="z", TRUE,FALSE) -> FALSE | N11: =IF(AND(I11,60),TRUE,FALSE) -> TRUE | O11: =IF(AND(M11,N11),TRUE,FALSE) -> FALSE | P11: =IF(I11=0,TRUE, FALSE) -> FALSE | Q11: =IF(AND(M11,P11),TRUE,FALSE) -> FALSE | R11: =IF(J11<>0,TRUE,FALSE) -> TRUE | S11: =IF(AND(M11,R11),TRUE,FALSE) -> FALSE | T11: =IF(AND(OR(O11,Q11),NOT(S11)),TRUE,FALSE) -> FALSE | U11: =IF(AND(A11,COUNTIF($K$2:$K$449,A11)),TRUE,FALSE) -> TRUE | V11: =IF(AND(T11,U11),TRUE,FALSE) -> FALSE
A12: 2890 | B12: =QUOTIENT(A12,64) -> 45 | C12: =MOD(A12,64) -> 10 | D12: 00000000000010100011001011011000 | E12: =MID(D12,13,4) -> 1010 | F12: =MID(D12,19,6) -> 110010 | G12: =MID(D12,25,6) -> 110110 | H12: =LOOKUP(E12,Lookups!$A$1:$A$16,Lookups!$B$1:$B$16) -> u | I12: =BIN2DEC(F12) -> 50 | J12: =BIN2DEC(G12) -> 54 | K12: =I12*64+J12 -> 3254 | M12: =IF(H12="z", TRUE,FALSE) -> FALSE | N12: =IF(AND(I12,60),TRUE,FALSE) -> TRUE | O12: =IF(AND(M12,N12),TRUE,FALSE) -> FALSE | P12: =IF(I12=0,TRUE, FALSE) -> FALSE | Q12: =IF(AND(M12,P12),TRUE,FALSE) -> FALSE | R12: =IF(J12<>0,TRUE,FALSE) -> TRUE | S12: =IF(AND(M12,R12),TRUE,FALSE) -> FALSE | T12: =IF(AND(OR(O12,Q12),NOT(S12)),TRUE,FALSE) -> FALSE | U12: =IF(AND(A12,COUNTIF($K$2:$K$449,A12)),TRUE,FALSE) -> FALSE | V12: =IF(AND(T12,U12),TRUE,FALSE) -> FALSE
A13: 2891 | B13: =QUOTIENT(A13,64) -> 45 | C13: =MOD(A13,64) -> 11 | D13: 00000000000010010011000111110000 | E13: =MID(D13,13,4) -> 1001 | F13: =MID(D13,19,6) -> 110001 | G13: =MID(D13,25,6) -> 111100 | H13: =LOOKUP(E13,Lookups!$A$1:$A$16,Lookups!$B$1:$B$16) -> e | I13: =BIN2DEC(F13) -> 49 | J13: =BIN2DEC(G13) -> 60 | K13: =I13*64+J13 -> 3196 | M13: =IF(H13="z", TRUE,FALSE) -> FALSE | N13: =IF(AND(I13,60),TRUE,FALSE) -> TRUE | O13: =IF(AND(M13,N13),TRUE,FALSE) -> FALSE | P13: =IF(I13=0,TRUE, FALSE) -> FALSE | Q13: =IF(AND(M13,P13),TRUE,FALSE) -> FALSE | R13: =IF(J13<>0,TRUE,FALSE) -> TRUE | S13: =IF(AND(M13,R13),TRUE,FALSE) -> FALSE | T13: =IF(AND(OR(O13,Q13),NOT(S13)),TRUE,FALSE) -> FALSE | U13: =IF(AND(A13,COUNTIF($K$2:$K$449,A13)),TRUE,FALSE) -> TRUE | V13: =IF(AND(T13,U13),TRUE,FALSE) -> FALSE
... A449: 3327 | B449: =QUOTIENT(A449,64) -> 51 | C449: =MOD(A449,64) -> 63 | D449: 00000000000010100011000101101100 | E449: =MID(D449,13,4) -> 1010 | F449: =MID(D449,19,6) -> 110001 | G449: =MID(D449,25,6) -> 011011 | H449: =LOOKUP(E449,Lookups!$A$1:$A$16,Lookups!$B$1:$B$16) -> u | I449: =BIN2DEC(F449) -> 49 | J449: =BIN2DEC(G449) -> 27 | K449: =I449*64+J449 -> 3163 | M449: =IF(H449="z", TRUE,FALSE) -> FALSE | N449: =IF(AND(I449,60),TRUE,FALSE) -> TRUE | O449: =IF(AND(M449,N449),TRUE,FALSE) -> FALSE | P449: =IF(I449=0,TRUE, FALSE) -> FALSE | Q449: =IF(AND(M449,P449),TRUE,FALSE) -> FALSE | R449: =IF(J449<>0,TRUE,FALSE) -> TRUE | S449: =IF(AND(M449,R449),TRUE,FALSE) -> FALSE | T449: =IF(AND(OR(O449,Q449),NOT(S449)),TRUE,FALSE) -> FALSE | U449: =IF(AND(A449,COUNTIF($K$2:$K$449,A449)),TRUE,FALSE) -> FALSE | V449: =IF(AND(T449,U449),TRUE,FALSE) -> FALSE
A450: 3328 | B450: =QUOTIENT(A450,64) -> 52 | C450: =MOD(A450,64) -> 0 | D450: 00000000000000000000000000000000 | E450: =MID(D450,13,4) -> 0000 | F450: =MID(D450,19,6) -> 000000 | G450: =MID(D450,25,6) -> 000000 | H450: =LOOKUP(E450,Lookups!$A$1:$A$16,Lookups!$B$1:$B$16) -> z | I450: =BIN2DEC(F450) -> 0 | J450: =BIN2DEC(G450) -> 0 | K450: =I450*64+J450 -> 0
A451: 3329 | B451: =QUOTIENT(A451,64) -> 52 | C451: =MOD(A451,64) -> 1 | D451: 00000000000000000000000000000000 | E451: =MID(D451,13,4) -> 0000 | F451: =MID(D451,19,6) -> 000000 | G451: =MID(D451,25,6) -> 000000 | H451: =LOOKUP(E451,Lookups!$A$1:$A$16,Lookups!$B$1:$B$16) -> z | I451: =BIN2DEC(F451) -> 0 | J451: =BIN2DEC(G451) -> 0 | K451: =I451*64+J451 -> 0
A452: 3330 | B452: =QUOTIENT(A452,64) -> 52 | C452: =MOD(A452,64) -> 2 | D452: 00000000000000000000000000000000 | E452: =MID(D452,13,4) -> 0000 | F452: =MID(D452,19,6) -> 000000 | G452: =MID(D452,25,6) -> 000000 | H452: =LOOKUP(E452,Lookups!$A$1:$A$16,Lookups!$B$1:$B$16) -> z | I452: =BIN2DEC(F452) -> 0 | J452: =BIN2DEC(G452) -> 0 | K452: =I452*64+J452 -> 0
A453: 3331 | B453: =QUOTIENT(A453,64) -> 52 | C453: =MOD(A453,64) -> 3 | D453: 00000000000000000000000000000000 | E453: =MID(D453,13,4) -> 0000 | F453: =MID(D453,19,6) -> 000000 | G453: =MID(D453,25,6) -> 000000 | H453: =LOOKUP(E453,Lookups!$A$1:$A$16,Lookups!$B$1:$B$16) -> z | I453: =BIN2DEC(F453) -> 0 | J453: =BIN2DEC(G453) -> 0 | K453: =I453*64+J453 -> 0
A454: 3332 | B454: =QUOTIENT(A454,64) -> 52 | C454: =MOD(A454,64) -> 4 | D454: 00000000000000000000000000000000 | E454: =MID(D454,13,4) -> 0000 | F454: =MID(D454,19,6) -> 000000 | G454: =MID(D454,25,6) -> 000000 | H454: =LOOKUP(E454,Lookups!$A$1:$A$16,Lookups!$B$1:$B$16) -> z | I454: =BIN2DEC(F454) -> 0 | J454: =BIN2DEC(G454) -> 0 | K454: =I454*64+J454 -> 0
A455: 3333 | B455: =QUOTIENT(A455,64) -> 52 | C455: =MOD(A455,64) -> 5 | D455: 00000000000000000000000000000000 | E455: =MID(D455,13,4) -> 0000 | F455: =MID(D455,19,6) -> 000000 | G455: =MID(D455,25,6) -> 000000 | H455: =LOOKUP(E455,Lookups!$A$1:$A$16,Lookups!$B$1:$B$16) -> z | I455: =BIN2DEC(F455) -> 0 | J455: =BIN2DEC(G455) -> 0 | K455: =I455*64+J455 -> 0
A456: 3334 | B456: =QUOTIENT(A456,64) -> 52 | C456: =MOD(A456,64) -> 6 | D456: 00000000000000000000000000000000 | E456: =MID(D456,13,4) -> 0000 | F456: =MID(D456,19,6) -> 000000 | G456: =MID(D456,25,6) -> 000000 | H456: =LOOKUP(E456,Lookups!$A$1:$A$16,Lookups!$B$1:$B$16) -> z | I456: =BIN2DEC(F456) -> 0 | J456: =BIN2DEC(G456) -> 0 | K456: =I456*64+J456 -> 0
A457: 3335 | B457: =QUOTIENT(A457,64) -> 52 | C457: =MOD(A457,64) -> 7 | D457: 00000000000000000000000000000000 | E457: =MID(D457,13,4) -> 0000 | F457: =MID(D457,19,6) -> 000000 | G457: =MID(D457,25,6) -> 000000 | H457: =LOOKUP(E457,Lookups!$A$1:$A$16,Lookups!$B$1:$B$16) -> z | I457: =BIN2DEC(F457) -> 0 | J457: =BIN2DEC(G457) -> 0 | K457: =I457*64+J457 -> 0
A458: 3336 | B458: =QUOTIENT(A458,64) -> 52 | C458: =MOD(A458,64) -> 8 | D458: 00000000000000000000000000000000 | E458: =MID(D458,13,4) -> 0000 | F458: =MID(D458,19,6) -> 000000 | G458: =MID(D458,25,6) -> 000000 | H458: =LOOKUP(E458,Lookups!$A$1:$A$16,Lookups!$B$1:$B$16) -> z | I458: =BIN2DEC(F458) -> 0 | J458: =BIN2DEC(G458) -> 0 | K458: =I458*64+J458 -> 0
A459: 3337 | B459: =QUOTIENT(A459,64) -> 52 | C459: =MOD(A459,64) -> 9 | D459: 00000000000000000000000000000000 | E459: =MID(D459,13,4) -> 0000 | F459: =MID(D459,19,6) -> 000000 | G459: =MID(D459,25,6) -> 000000 | H459: =LOOKUP(E459,Lookups!$A$1:$A$16,Lookups!$B$1:$B$16) -> z | I459: =BIN2DEC(F459) -> 0 | J459: =BIN2DEC(G459) -> 0 | K459: =I459*64+J459 -> 0
A460: 3338 | B460: =QUOTIENT(A460,64) -> 52 | C460: =MOD(A460,64) -> 10 | D460: 00000000000000000000000000000000 | E460: =MID(D460,13,4) -> 0000 | F460: =MID(D460,19,6) -> 000000 | G460: =MID(D460,25,6) -> 000000 | H460: =LOOKUP(E460,Lookups!$A$1:$A$16,Lookups!$B$1:$B$16) -> z | I460: =BIN2DEC(F460) -> 0 | J460: =BIN2DEC(G460) -> 0 | K460: =I460*64+J460 -> 0
A461: 3339 | B461: =QUOTIENT(A461,64) -> 52 | C461: =MOD(A461,64) -> 11 | D461: 00000000000000000000000000000000 | E461: =MID(D461,13,4) -> 0000 | F461: =MID(D461,19,6) -> 000000 | G461: =MID(D461,25,6) -> 000000 | H461: =LOOKUP(E461,Lookups!$A$1:$A$16,Lookups!$B$1:$B$16) -> z | I461: =BIN2DEC(F461) -> 0 | J461: =BIN2DEC(G461) -> 0 | K461: =I461*64+J461 -> 0
... A641: 3519 | B641: =QUOTIENT(A641,64) -> 54 | C641: =MOD(A641,64) -> 63 | D641: 00000000000000000000000000000000 | E641: =MID(D641,13,4) -> 0000 | F641: =MID(D641,19,6) -> 000000 | G641: =MID(D641,25,6) -> 000000 | H641: =LOOKUP(E641,Lookups!$A$1:$A$16,Lookups!$B$1:$B$16) -> z | I641: =BIN2DEC(F641) -> 0 | J641: =BIN2DEC(G641) -> 0 | K641: =I641*64+J641 -> 0

Sheet Weigt
A1: Dump | C1: Address | D1: Data | E1: 8 bits | F1: 8 bits | G1: 8 bits | H1: 8 bits | I1: Binary | J1: Opcode Hex | K1: Track Bits | L1: Sector Bits | M1: Opcode | N1: Track | O1: Sector | P1: OpAd
A2: 2880 0x000d2f8c | C2: =MID(A2,1,4) -> 2880 | D2: =MID(A2,8,20) -> 000d2f8c | E2: =HEX2BIN(MID(D2,1,2),8) -> 00000000 | F2: =HEX2BIN(MID(D2,3,2),8) -> 00001101 | G2: =HEX2BIN(MID(D2,5,2),8) -> 00101111 | H2: =HEX2BIN(MID(D2,7,2),8) -> 10001100 | I2: =CONCATENATE(E2,F2,G2,H2) -> 00000000000011010010111110001100 | J2: =MID(D2,4,1) -> d | K2: =MID(G2,3,6) -> 101111 | L2: =MID(H2,1,6) -> 100011 | M2: =LOOKUP(J2,Lookups!$A$27:$A$42,Lookups!$B$27:$B$42) -> c | N2: =BIN2DEC(K2) -> 47 | O2: =BIN2DEC(L2) -> 35 | P2: =N2*64+O2 -> 3043
A3: 2881 0x000d3278 | C3: =MID(A3,1,4) -> 2881 | D3: =MID(A3,8,20) -> 000d3278 | E3: =HEX2BIN(MID(D3,1,2),8) -> 00000000 | F3: =HEX2BIN(MID(D3,3,2),8) -> 00001101 | G3: =HEX2BIN(MID(D3,5,2),8) -> 00110010 | H3: =HEX2BIN(MID(D3,7,2),8) -> 01111000 | I3: =CONCATENATE(E3,F3,G3,H3) -> 00000000000011010011001001111000 | J3: =MID(D3,4,1) -> d | K3: =MID(G3,3,6) -> 110010 | L3: =MID(H3,1,6) -> 011110 | M3: =LOOKUP(J3,Lookups!$A$27:$A$42,Lookups!$B$27:$B$42) -> c | N3: =BIN2DEC(K3) -> 50 | O3: =BIN2DEC(L3) -> 30 | P3: =N3*64+O3 -> 3230
A4: 2882 0x000a31c4 | C4: =MID(A4,1,4) -> 2882 | D4: =MID(A4,8,20) -> 000a31c4 | E4: =HEX2BIN(MID(D4,1,2),8) -> 00000000 | F4: =HEX2BIN(MID(D4,3,2),8) -> 00001010 | G4: =HEX2BIN(MID(D4,5,2),8) -> 00110001 | H4: =HEX2BIN(MID(D4,7,2),8) -> 11000100 | I4: =CONCATENATE(E4,F4,G4,H4) -> 00000000000010100011000111000100 | J4: =MID(D4,4,1) -> a | K4: =MID(G4,3,6) -> 110001 | L4: =MID(H4,1,6) -> 110001 | M4: =LOOKUP(J4,Lookups!$A$27:$A$42,Lookups!$B$27:$B$42) -> u | N4: =BIN2DEC(K4) -> 49 | O4: =BIN2DEC(L4) -> 49 | P4: =N4*64+O4 -> 3185
A5: 2883 0x000e2d98 | C5: =MID(A5,1,4) -> 2883 | D5: =MID(A5,8,20) -> 000e2d98 | E5: =HEX2BIN(MID(D5,1,2),8) -> 00000000 | F5: =HEX2BIN(MID(D5,3,2),8) -> 00001110 | G5: =HEX2BIN(MID(D5,5,2),8) -> 00101101 | H5: =HEX2BIN(MID(D5,7,2),8) -> 10011000 | I5: =CONCATENATE(E5,F5,G5,H5) -> 00000000000011100010110110011000 | J5: =MID(D5,4,1) -> e | K5: =MID(G5,3,6) -> 101101 | L5: =MID(H5,1,6) -> 100110 | M5: =LOOKUP(J5,Lookups!$A$27:$A$42,Lookups!$B$27:$B$42) -> a | N5: =BIN2DEC(K5) -> 45 | O5: =BIN2DEC(L5) -> 38 | P5: =N5*64+O5 -> 2918
A6: 2884 0x00022d78 | C6: =MID(A6,1,4) -> 2884 | D6: =MID(A6,8,20) -> 00022d78 | E6: =HEX2BIN(MID(D6,1,2),8) -> 00000000 | F6: =HEX2BIN(MID(D6,3,2),8) -> 00000010 | G6: =HEX2BIN(MID(D6,5,2),8) -> 00101101 | H6: =HEX2BIN(MID(D6,7,2),8) -> 01111000 | I6: =CONCATENATE(E6,F6,G6,H6) -> 00000000000000100010110101111000 | J6: =MID(D6,4,1) -> 2 | K6: =MID(G6,3,6) -> 101101 | L6: =MID(H6,1,6) -> 011110 | M6: =LOOKUP(J6,Lookups!$A$27:$A$42,Lookups!$B$27:$B$42) -> y | N6: =BIN2DEC(K6) -> 45 | O6: =BIN2DEC(L6) -> 30 | P6: =N6*64+O6 -> 2910
A7: 2885 0x000e2efc | C7: =MID(A7,1,4) -> 2885 | D7: =MID(A7,8,20) -> 000e2efc | E7: =HEX2BIN(MID(D7,1,2),8) -> 00000000 | F7: =HEX2BIN(MID(D7,3,2),8) -> 00001110 | G7: =HEX2BIN(MID(D7,5,2),8) -> 00101110 | H7: =HEX2BIN(MID(D7,7,2),8) -> 11111100 | I7: =CONCATENATE(E7,F7,G7,H7) -> 00000000000011100010111011111100 | J7: =MID(D7,4,1) -> e | K7: =MID(G7,3,6) -> 101110 | L7: =MID(H7,1,6) -> 111111 | M7: =LOOKUP(J7,Lookups!$A$27:$A$42,Lookups!$B$27:$B$42) -> a | N7: =BIN2DEC(K7) -> 46 | O7: =BIN2DEC(L7) -> 63 | P7: =N7*64+O7 -> 3007
A8: 2886 0x00022d54 | C8: =MID(A8,1,4) -> 2886 | D8: =MID(A8,8,20) -> 00022d54 | E8: =HEX2BIN(MID(D8,1,2),8) -> 00000000 | F8: =HEX2BIN(MID(D8,3,2),8) -> 00000010 | G8: =HEX2BIN(MID(D8,5,2),8) -> 00101101 | H8: =HEX2BIN(MID(D8,7,2),8) -> 01010100 | I8: =CONCATENATE(E8,F8,G8,H8) -> 00000000000000100010110101010100 | J8: =MID(D8,4,1) -> 2 | K8: =MID(G8,3,6) -> 101101 | L8: =MID(H8,1,6) -> 010101 | M8: =LOOKUP(J8,Lookups!$A$27:$A$42,Lookups!$B$27:$B$42) -> y | N8: =BIN2DEC(K8) -> 45 | O8: =BIN2DEC(L8) -> 21 | P8: =N8*64+O8 -> 2901
A9: 2887 0x00022d58 | C9: =MID(A9,1,4) -> 2887 | D9: =MID(A9,8,20) -> 00022d58 | E9: =HEX2BIN(MID(D9,1,2),8) -> 00000000 | F9: =HEX2BIN(MID(D9,3,2),8) -> 00000010 | G9: =HEX2BIN(MID(D9,5,2),8) -> 00101101 | H9: =HEX2BIN(MID(D9,7,2),8) -> 01011000 | I9: =CONCATENATE(E9,F9,G9,H9) -> 00000000000000100010110101011000 | J9: =MID(D9,4,1) -> 2 | K9: =MID(G9,3,6) -> 101101 | L9: =MID(H9,1,6) -> 010110 | M9: =LOOKUP(J9,Lookups!$A$27:$A$42,Lookups!$B$27:$B$42) -> y | N9: =BIN2DEC(K9) -> 45 | O9: =BIN2DEC(L9) -> 22 | P9: =N9*64+O9 -> 2902
A10: 2888 0x00022d6c | C10: =MID(A10,1,4) -> 2888 | D10: =MID(A10,8,20) -> 00022d6c | E10: =HEX2BIN(MID(D10,1,2),8) -> 00000000 | F10: =HEX2BIN(MID(D10,3,2),8) -> 00000010 | G10: =HEX2BIN(MID(D10,5,2),8) -> 00101101 | H10: =HEX2BIN(MID(D10,7,2),8) -> 01101100 | I10: =CONCATENATE(E10,F10,G10,H10) -> 00000000000000100010110101101100 | J10: =MID(D10,4,1) -> 2 | K10: =MID(G10,3,6) -> 101101 | L10: =MID(H10,1,6) -> 011011 | M10: =LOOKUP(J10,Lookups!$A$27:$A$42,Lookups!$B$27:$B$42) -> y | N10: =BIN2DEC(K10) -> 45 | O10: =BIN2DEC(L10) -> 27 | P10: =N10*64+O10 -> 2907
A11: 2889 0x000332f0 | C11: =MID(A11,1,4) -> 2889 | D11: =MID(A11,8,20) -> 000332f0 | E11: =HEX2BIN(MID(D11,1,2),8) -> 00000000 | F11: =HEX2BIN(MID(D11,3,2),8) -> 00000011 | G11: =HEX2BIN(MID(D11,5,2),8) -> 00110010 | H11: =HEX2BIN(MID(D11,7,2),8) -> 11110000 | I11: =CONCATENATE(E11,F11,G11,H11) -> 00000000000000110011001011110000 | J11: =MID(D11,4,1) -> 3 | K11: =MID(G11,3,6) -> 110010 | L11: =MID(H11,1,6) -> 111100 | M11: =LOOKUP(J11,Lookups!$A$27:$A$42,Lookups!$B$27:$B$42) -> r | N11: =BIN2DEC(K11) -> 50 | O11: =BIN2DEC(L11) -> 60 | P11: =N11*64+O11 -> 3260
A12: 2890 0x000a32d8 | C12: =MID(A12,1,4) -> 2890 | D12: =MID(A12,8,20) -> 000a32d8 | E12: =HEX2BIN(MID(D12,1,2),8) -> 00000000 | F12: =HEX2BIN(MID(D12,3,2),8) -> 00001010 | G12: =HEX2BIN(MID(D12,5,2),8) -> 00110010 | H12: =HEX2BIN(MID(D12,7,2),8) -> 11011000 | I12: =CONCATENATE(E12,F12,G12,H12) -> 00000000000010100011001011011000 | J12: =MID(D12,4,1) -> a | K12: =MID(G12,3,6) -> 110010 | L12: =MID(H12,1,6) -> 110110 | M12: =LOOKUP(J12,Lookups!$A$27:$A$42,Lookups!$B$27:$B$42) -> u | N12: =BIN2DEC(K12) -> 50 | O12: =BIN2DEC(L12) -> 54 | P12: =N12*64+O12 -> 3254
A13: 2891 0x000931f0 | C13: =MID(A13,1,4) -> 2891 | D13: =MID(A13,8,20) -> 000931f0 | E13: =HEX2BIN(MID(D13,1,2),8) -> 00000000 | F13: =HEX2BIN(MID(D13,3,2),8) -> 00001001 | G13: =HEX2BIN(MID(D13,5,2),8) -> 00110001 | H13: =HEX2BIN(MID(D13,7,2),8) -> 11110000 | I13: =CONCATENATE(E13,F13,G13,H13) -> 00000000000010010011000111110000 | J13: =MID(D13,4,1) -> 9 | K13: =MID(G13,3,6) -> 110001 | L13: =MID(H13,1,6) -> 111100 | M13: =LOOKUP(J13,Lookups!$A$27:$A$42,Lookups!$B$27:$B$42) -> e | N13: =BIN2DEC(K13) -> 49 | O13: =BIN2DEC(L13) -> 60 | P13: =N13*64+O13 -> 3196
... A449: 3327 0x000a316c | C449: =MID(A449,1,4) -> 3327 | D449: =MID(A449,8,20) -> 000a316c | E449: =HEX2BIN(MID(D449,1,2),8) -> 00000000 | F449: =HEX2BIN(MID(D449,3,2),8) -> 00001010 | G449: =HEX2BIN(MID(D449,5,2),8) -> 00110001 | H449: =HEX2BIN(MID(D449,7,2),8) -> 01101100 | I449: =CONCATENATE(E449,F449,G449,H449) -> 00000000000010100011000101101100 | J449: =MID(D449,4,1) -> a | K449: =MID(G449,3,6) -> 110001 | L449: =MID(H449,1,6) -> 011011 | M449: =LOOKUP(J449,Lookups!$A$27:$A$42,Lookups!$B$27:$B$42) -> u | N449: =BIN2DEC(K449) -> 49 | O449: =BIN2DEC(L449) -> 27 | P449: =N449*64+O449 -> 3163

Sheet Tubetime
A1: Addr Track | B1: Addr Sector | C1: Address | D1: Text | E1: Opcode | F1: Track | G1: Sector
A2: 45 | B2: 0 | C2: =A2*64+B2 -> 2880 | D2: 0 c 47 6 0b00000000000011010010111110001100 | E2: =MID(D2,4,1) -> c | F2: =MID(D2,6,2) -> 47 | G2: =MID(D2,9,2) -> 6
A3: 45 | B3: 1 | C3: =A3*64+B3 -> 2881 | D3: 1 c 50 60 0b00000000000011010011001001111000 | E3: =MID(D3,4,1) -> c | F3: =MID(D3,6,2) -> 50 | G3: =MID(D3,9,2) -> 60
A4: 45 | B4: 2 | C4: =A4*64+B4 -> 2882 | D4: 2 u 49 34 0b00000000000010100011000111000100 | E4: =MID(D4,4,1) -> u | F4: =MID(D4,6,2) -> 49 | G4: =MID(D4,9,2) -> 34
A5: 45 | B5: 3 | C5: =A5*64+B5 -> 2883 | D5: 3 a 45 12 0b00000000000011100010110110011000 | E5: =MID(D5,4,1) -> a | F5: =MID(D5,6,2) -> 45 | G5: =MID(D5,9,2) -> 12
A6: 45 | B6: 4 | C6: =A6*64+B6 -> 2884 | D6: 4 y 45 60 0b00000000000000100010110101111000 | E6: =MID(D6,4,1) -> y | F6: =MID(D6,6,2) -> 45 | G6: =MID(D6,9,2) -> 60
A7: 45 | B7: 5 | C7: =A7*64+B7 -> 2885 | D7: 5 a 46 62 0b00000000000011100010111011111100 | E7: =MID(D7,4,1) -> a | F7: =MID(D7,6,2) -> 46 | G7: =MID(D7,9,2) -> 62
A8: 45 | B8: 6 | C8: =A8*64+B8 -> 2886 | D8: 6 y 45 42 0b00000000000000100010110101010100 | E8: =MID(D8,4,1) -> y | F8: =MID(D8,6,2) -> 45 | G8: =MID(D8,9,2) -> 42
A9: 45 | B9: 7 | C9: =A9*64+B9 -> 2887 | D9: 7 y 45 44 0b00000000000000100010110101011000 | E9: =MID(D9,4,1) -> y | F9: =MID(D9,6,2) -> 45 | G9: =MID(D9,9,2) -> 44
A10: 45 | B10: 8 | C10: =A10*64+B10 -> 2888 | D10: 8 y 45 54 0b00000000000000100010110101101100 | E10: =MID(D10,4,1) -> y | F10: =MID(D10,6,2) -> 45 | G10: =MID(D10,9,2) -> 54
A11: 45 | B11: 9 | C11: =A11*64+B11 -> 2889 | D11: 9 r 50 56 0b00000000000000110011001011110000 | E11: =MID(D11,4,1) -> r | F11: =MID(D11,6,2) -> 50 | G11: =MID(D11,9,2) -> 56
A12: 45 | B12: 10 | C12: =A12*64+B12 -> 2890 | D12: 10 u 50 44 0b00000000000010100011001011011000 | E12: =MID(D12,4,1) -> u | F12: =MID(D12,6,2) -> 50 | G12: =MID(D12,9,2) -> 44
A13: 45 | B13: 11 | C13: =A13*64+B13 -> 2891 | D13: 11 e 49 56 0b00000000000010010011000111110000 | E13: =MID(D13,4,1) -> e | F13: =MID(D13,6,2) -> 49 | G13: =MID(D13,9,2) -> 56
... A449: 51 | B449: 63 | C449: =A449*64+B449 -> 3327 | D449: 63 u 49 54 0b00000000000010100011000101101100 | E449: =MID(D449,4,1) -> u | F449: =MID(D449,6,2) -> 49 | G449: =MID(D449,9,2) -> 54

Sheet Trace
A1: 2880
A2: 2881
A3: 2882
A4: 3185
A5: 3186
A6: 3187
A7: 3188
A8: 3189
A9: 3190
A10: 3261
A11: 3262
A12: 3263
... A100: 3307

Sheet WeigtVsStuttgart
A1: S-Addr | B1: S-Opcode | C1: M-Addr | D1: M-Opcode | E1: Opcode diff | F1: S-Track | G1: M-Track | H1: Track diff | I1: S-Sector | J1: M-Sector | K1: Sector diff
A2: ='stuttgart-bkjck-rawbinary'!A2 -> 2880 | B2: =LOOKUP(A2,'stuttgart-bkjck-rawbinary'!$A$2:$A$449,'stuttgart-bkjck-rawbinary'!$H$2:$H449) -> c | C2: =Weigt!C2 -> 2880 | D2: =Weigt!M2 -> c | E2: =IF(B2<>D2,"*","") | F2: ='stuttgart-bkjck-rawbinary'!I2 -> 47 | G2: =Weigt!N2 -> 47 | H2: =IF(F2<>G2,"*","") | I2: ='stuttgart-bkjck-rawbinary'!J2 -> 35 | J2: =Weigt!O2 -> 35 | K2: =IF(I2<>J2,"*","")
A3: ='stuttgart-bkjck-rawbinary'!A3 -> 2881 | B3: =LOOKUP(A3,'stuttgart-bkjck-rawbinary'!$A$2:$A$449,'stuttgart-bkjck-rawbinary'!$H$2:$H450) -> c | C3: =Weigt!C3 -> 2881 | D3: =Weigt!M3 -> c | E3: =IF(B3<>D3,"*","") | F3: ='stuttgart-bkjck-rawbinary'!I3 -> 50 | G3: =Weigt!N3 -> 50 | H3: =IF(F3<>G3,"*","") | I3: ='stuttgart-bkjck-rawbinary'!J3 -> 30 | J3: =Weigt!O3 -> 30 | K3: =IF(I3<>J3,"*","")
A4: ='stuttgart-bkjck-rawbinary'!A4 -> 2882 | B4: =LOOKUP(A4,'stuttgart-bkjck-rawbinary'!$A$2:$A$449,'stuttgart-bkjck-rawbinary'!$H$2:$H451) -> u | C4: =Weigt!C4 -> 2882 | D4: =Weigt!M4 -> u | E4: =IF(B4<>D4,"*","") | F4: ='stuttgart-bkjck-rawbinary'!I4 -> 49 | G4: =Weigt!N4 -> 49 | H4: =IF(F4<>G4,"*","") | I4: ='stuttgart-bkjck-rawbinary'!J4 -> 49 | J4: =Weigt!O4 -> 49 | K4: =IF(I4<>J4,"*","")
A5: ='stuttgart-bkjck-rawbinary'!A5 -> 2883 | B5: =LOOKUP(A5,'stuttgart-bkjck-rawbinary'!$A$2:$A$449,'stuttgart-bkjck-rawbinary'!$H$2:$H452) -> a | C5: =Weigt!C5 -> 2883 | D5: =Weigt!M5 -> a | E5: =IF(B5<>D5,"*","") | F5: ='stuttgart-bkjck-rawbinary'!I5 -> 45 | G5: =Weigt!N5 -> 45 | H5: =IF(F5<>G5,"*","") | I5: ='stuttgart-bkjck-rawbinary'!J5 -> 38 | J5: =Weigt!O5 -> 38 | K5: =IF(I5<>J5,"*","")
A6: ='stuttgart-bkjck-rawbinary'!A6 -> 2884 | B6: =LOOKUP(A6,'stuttgart-bkjck-rawbinary'!$A$2:$A$449,'stuttgart-bkjck-rawbinary'!$H$2:$H453) -> y | C6: =Weigt!C6 -> 2884 | D6: =Weigt!M6 -> y | E6: =IF(B6<>D6,"*","") | F6: ='stuttgart-bkjck-rawbinary'!I6 -> 45 | G6: =Weigt!N6 -> 45 | H6: =IF(F6<>G6,"*","") | I6: ='stuttgart-bkjck-rawbinary'!J6 -> 30 | J6: =Weigt!O6 -> 30 | K6: =IF(I6<>J6,"*","")
A7: ='stuttgart-bkjck-rawbinary'!A7 -> 2885 | B7: =LOOKUP(A7,'stuttgart-bkjck-rawbinary'!$A$2:$A$449,'stuttgart-bkjck-rawbinary'!$H$2:$H454) -> a | C7: =Weigt!C7 -> 2885 | D7: =Weigt!M7 -> a | E7: =IF(B7<>D7,"*","") | F7: ='stuttgart-bkjck-rawbinary'!I7 -> 46 | G7: =Weigt!N7 -> 46 | H7: =IF(F7<>G7,"*","") | I7: ='stuttgart-bkjck-rawbinary'!J7 -> 63 | J7: =Weigt!O7 -> 63 | K7: =IF(I7<>J7,"*","")
A8: ='stuttgart-bkjck-rawbinary'!A8 -> 2886 | B8: =LOOKUP(A8,'stuttgart-bkjck-rawbinary'!$A$2:$A$449,'stuttgart-bkjck-rawbinary'!$H$2:$H455) -> y | C8: =Weigt!C8 -> 2886 | D8: =Weigt!M8 -> y | E8: =IF(B8<>D8,"*","") | F8: ='stuttgart-bkjck-rawbinary'!I8 -> 45 | G8: =Weigt!N8 -> 45 | H8: =IF(F8<>G8,"*","") | I8: ='stuttgart-bkjck-rawbinary'!J8 -> 21 | J8: =Weigt!O8 -> 21 | K8: =IF(I8<>J8,"*","")
A9: ='stuttgart-bkjck-rawbinary'!A9 -> 2887 | B9: =LOOKUP(A9,'stuttgart-bkjck-rawbinary'!$A$2:$A$449,'stuttgart-bkjck-rawbinary'!$H$2:$H456) -> y | C9: =Weigt!C9 -> 2887 | D9: =Weigt!M9 -> y | E9: =IF(B9<>D9,"*","") | F9: ='stuttgart-bkjck-rawbinary'!I9 -> 45 | G9: =Weigt!N9 -> 45 | H9: =IF(F9<>G9,"*","") | I9: ='stuttgart-bkjck-rawbinary'!J9 -> 22 | J9: =Weigt!O9 -> 22 | K9: =IF(I9<>J9,"*","")
A10: ='stuttgart-bkjck-rawbinary'!A10 -> 2888 | B10: =LOOKUP(A10,'stuttgart-bkjck-rawbinary'!$A$2:$A$449,'stuttgart-bkjck-rawbinary'!$H$2:$H457) -> y | C10: =Weigt!C10 -> 2888 | D10: =Weigt!M10 -> y | E10: =IF(B10<>D10,"*","") | F10: ='stuttgart-bkjck-rawbinary'!I10 -> 45 | G10: =Weigt!N10 -> 45 | H10: =IF(F10<>G10,"*","") | I10: ='stuttgart-bkjck-rawbinary'!J10 -> 27 | J10: =Weigt!O10 -> 27 | K10: =IF(I10<>J10,"*","")
A11: ='stuttgart-bkjck-rawbinary'!A11 -> 2889 | B11: =LOOKUP(A11,'stuttgart-bkjck-rawbinary'!$A$2:$A$449,'stuttgart-bkjck-rawbinary'!$H$2:$H458) -> r | C11: =Weigt!C11 -> 2889 | D11: =Weigt!M11 -> r | E11: =IF(B11<>D11,"*","") | F11: ='stuttgart-bkjck-rawbinary'!I11 -> 50 | G11: =Weigt!N11 -> 50 | H11: =IF(F11<>G11,"*","") | I11: ='stuttgart-bkjck-rawbinary'!J11 -> 60 | J11: =Weigt!O11 -> 60 | K11: =IF(I11<>J11,"*","")
A12: ='stuttgart-bkjck-rawbinary'!A12 -> 2890 | B12: =LOOKUP(A12,'stuttgart-bkjck-rawbinary'!$A$2:$A$449,'stuttgart-bkjck-rawbinary'!$H$2:$H459) -> u | C12: =Weigt!C12 -> 2890 | D12: =Weigt!M12 -> u | E12: =IF(B12<>D12,"*","") | F12: ='stuttgart-bkjck-rawbinary'!I12 -> 50 | G12: =Weigt!N12 -> 50 | H12: =IF(F12<>G12,"*","") | I12: ='stuttgart-bkjck-rawbinary'!J12 -> 54 | J12: =Weigt!O12 -> 54 | K12: =IF(I12<>J12,"*","")
A13: ='stuttgart-bkjck-rawbinary'!A13 -> 2891 | B13: =LOOKUP(A13,'stuttgart-bkjck-rawbinary'!$A$2:$A$449,'stuttgart-bkjck-rawbinary'!$H$2:$H460) -> e | C13: =Weigt!C13 -> 2891 | D13: =Weigt!M13 -> e | E13: =IF(B13<>D13,"*","") | F13: ='stuttgart-bkjck-rawbinary'!I13 -> 49 | G13: =Weigt!N13 -> 49 | H13: =IF(F13<>G13,"*","") | I13: ='stuttgart-bkjck-rawbinary'!J13 -> 60 | J13: =Weigt!O13 -> 60 | K13: =IF(I13<>J13,"*","")
... A449: ='stuttgart-bkjck-rawbinary'!A449 -> 3327 | B449: =LOOKUP(A449,'stuttgart-bkjck-rawbinary'!$A$2:$A$449,'stuttgart-bkjck-rawbinary'!$H$2:$H896) -> u | C449: =Weigt!C449 -> 3327 | D449: =Weigt!M449 -> u | E449: =IF(B449<>D449,"*","") | F449: ='stuttgart-bkjck-rawbinary'!I449 -> 49 | G449: =Weigt!N449 -> 49 | H449: =IF(F449<>G449,"*","") | I449: ='stuttgart-bkjck-rawbinary'!J449 -> 27 | J449: =Weigt!O449 -> 27 | K449: =IF(I449<>J449,"*","")

Sheet Lookups
A1: 0000 | B1: z
A2: 0001 | B2: b
A3: 0010 | B3: y
A4: 0011 | B4: r
A5: 0100 | B5: i
A6: 0101 | B6: d
A7: 0110 | B7: n
A8: 0111 | B8: m
A9: 1000 | B9: p
A10: 1001 | B10: e
A11: 1010 | B11: u
A12: 1011 | B12: t
... A16: 1111 | B16: s
A18: 000 | C18: 0
A19: 001 | C19: 1
A20: 010 | C20: 2
A21: 011 | C21: 3
A22: 100 | C22: 4
A23: 101 | C23: 5
A24: 110 | C24: 6
A25: 111 | C25: 7
A27: 0 | B27: z
A28: 1 | B28: b
A29: 2 | B29: y
A30: 3 | B30: r
A31: 4 | B31: i
A32: 5 | B32: d
A33: 6 | B33: n
A34: 7 | B34: m
A35: 8 | B35: p
A36: 9 | B36: e
A37: a | B37: u
A38: b | B38: t
... A42: f | B42: s

Sheet Refs
A1: https://github.com/georgeweigt/mel
